Path;SteerAngle;Throttle;Brake;Speed;X_Position;Y_Position;Pitch;Yaw;Roll
/Users/charlescostello/Personal/REND/RoboND-Rover-Project/dataset/IMG/robocam_2018_09_22_13_41_11_970.jpg;0;0;1;0;99.66999;85.589;0.0002368773;290.5626;-3.622933E-06
/Users/charlescostello/Personal/REND/RoboND-Rover-Project/dataset/IMG/robocam_2018_09_22_13_41_12_016.jpg;0;0;0;0;99.66999;85.589;0.0002375074;290.5626;-3.73722E-06
/Users/charlescostello/Personal/REND/RoboND-Rover-Project/dataset/IMG/robocam_2018_09_22_13_41_12_066.jpg;0;0;0;0;99.66999;85.589;0.000237937;290.5626;-3.760907E-06
/Users/charlescostello/Personal/REND/RoboND-Rover-Project/dataset/IMG/robocam_2018_09_22_13_41_12_115.jpg;0;0;0;0;99.66999;85.589;0.0002385813;290.5626;-3.796437E-06
/Users/charlescostello/Personal/REND/RoboND-Rover-Project/dataset/IMG/robocam_2018_09_22_13_41_12_166.jpg;0;0;0;0;99.66999;85.589;0.0002390108;290.5626;-3.820124E-06
/Users/charlescostello/Personal/REND/RoboND-Rover-Project/dataset/IMG/robocam_2018_09_22_13_41_12_216.jpg;0;0;0;0;99.66999;85.589;0.000239278;290.5626;-3.543197E-06
/Users/charlescostello/Personal/REND/RoboND-Rover-Project/dataset/IMG/robocam_2018_09_22_13_41_12_266.jpg;0;0;0;0;99.66999;85.589;0.0002393351;290.5626;-3.228172E-06
/Users/charlescostello/Personal/REND/RoboND-Rover-Project/dataset/IMG/robocam_2018_09_22_13_41_12_317.jpg;0;0;0;0;99.66999;85.589;0.0002394209;290.5626;-2.755636E-06
/Users/charlescostello/Personal/REND/RoboND-Rover-Project/dataset/IMG/robocam_2018_09_22_13_41_12_367.jpg;0;0;0;0;99.66999;85.589;0.000239478;290.5626;-2.440611E-06
/Users/charlescostello/Personal/REND/RoboND-Rover-Project/dataset/IMG/robocam_2018_09_22_13_41_12_417.jpg;0;0;0;0;99.66999;85.589;0.0002395637;290.5626;-1.968075E-06
/Users/charlescostello/Personal/REND/RoboND-Rover-Project/dataset/IMG/robocam_2018_09_22_13_41_12_466.jpg;0;0;0;0;99.66999;85.589;0.0002395206;290.5626;-1.607753E-06
/Users/charlescostello/Personal/REND/RoboND-Rover-Project/dataset/IMG/robocam_2018_09_22_13_41_12_516.jpg;0;0.05241573;0;0;99.67004;85.58886;0.003749847;290.5626;-2.085138E-06
/Users/charlescostello/Personal/REND/RoboND-Rover-Project/dataset/IMG/robocam_2018_09_22_13_41_12_566.jpg;0;0.1997699;0;0;99.67;85.58896;0.001660271;290.5623;-3.454385E-06
/Users/charlescostello/Personal/REND/RoboND-Rover-Project/dataset/IMG/robocam_2018_09_22_13_41_12_617.jpg;0;0.3494217;0;0;99.67036;85.58804;0.02326467;290.5234;-2.585709E-05
/Users/charlescostello/Personal/REND/RoboND-Rover-Project/dataset/IMG/robocam_2018_09_22_13_41_12_666.jpg;0;0.4995328;0;0.02428277;99.67087;85.58667;0.05324059;290.4913;0.0001014899
/Users/charlescostello/Personal/REND/RoboND-Rover-Project/dataset/IMG/robocam_2018_09_22_13_41_12_715.jpg;0;0.6499289;0;0.04775961;99.67268;85.58179;0.1607123;290.3852;0.0002903242
/Users/charlescostello/Personal/REND/RoboND-Rover-Project/dataset/IMG/robocam_2018_09_22_13_41_12_767.jpg;0;0.8004327;0;0.06438838;99.67411;85.57795;0.2398388;290.3458;0.0005192923
/Users/charlescostello/Personal/REND/RoboND-Rover-Project/dataset/IMG/robocam_2018_09_22_13_41_12_815.jpg;0;0.9492509;0;0.112272;99.67758;85.56859;0.4305809;290.4202;4.379048E-05
/Users/charlescostello/Personal/REND/RoboND-Rover-Project/dataset/IMG/robocam_2018_09_22_13_41_12_865.jpg;0;1;0;0.1437699;99.68066;85.56022;0.5800184;290.4943;-0.0008552381
/Users/charlescostello/Personal/REND/RoboND-Rover-Project/dataset/IMG/robocam_2018_09_22_13_41_12_916.jpg;0;1;0;0.2017447;99.68626;85.54512;0.8254548;290.4885;0.0003066566
/Users/charlescostello/Personal/REND/RoboND-Rover-Project/dataset/IMG/robocam_2018_09_22_13_41_12_966.jpg;0;1;0;0.2333297;99.69062;85.5333;0.9982052;290.4567;-0.000655344
/Users/charlescostello/Personal/REND/RoboND-Rover-Project/dataset/IMG/robocam_2018_09_22_13_41_13_017.jpg;0;1;0;0.2887389;99.69822;85.51271;1.259414;290.3522;0.0007848475
/Users/charlescostello/Personal/REND/RoboND-Rover-Project/dataset/IMG/robocam_2018_09_22_13_41_13_065.jpg;0;1;0;0.3270544;99.70308;85.49938;1.330474;290.2603;-0.002323718
/Users/charlescostello/Personal/REND/RoboND-Rover-Project/dataset/IMG/robocam_2018_09_22_13_41_13_116.jpg;0;1;0;0.378362;99.71;85.4803;1.217258;290.3754;-0.003201347
/Users/charlescostello/Personal/REND/RoboND-Rover-Project/dataset/IMG/robocam_2018_09_22_13_41_13_165.jpg;0;1;0;0.4169854;99.71537;85.46566;1.135975;290.3311;-0.0002641481
/Users/charlescostello/Personal/REND/RoboND-Rover-Project/dataset/IMG/robocam_2018_09_22_13_41_13_215.jpg;0;1;0;0.4636061;99.72453;85.44069;1.070084;290.3431;-0.0003061445
/Users/charlescostello/Personal/REND/RoboND-Rover-Project/dataset/IMG/robocam_2018_09_22_13_41_13_265.jpg;0;1;0;0.5058776;99.73161;85.42145;1.073605;290.3591;-0.0003947261
/Users/charlescostello/Personal/REND/RoboND-Rover-Project/dataset/IMG/robocam_2018_09_22_13_41_13_315.jpg;0;1;0;0.5359942;99.74316;85.38998;1.114125;290.3698;-0.0009918188
/Users/charlescostello/Personal/REND/RoboND-Rover-Project/dataset/IMG/robocam_2018_09_22_13_41_13_366.jpg;0;1;0;0.5644137;99.75149;85.36742;1.158793;290.4034;-8.899741E-05
/Users/charlescostello/Personal/REND/RoboND-Rover-Project/dataset/IMG/robocam_2018_09_22_13_41_13_416.jpg;0;1;0;0.63187;99.76501;85.33049;1.246081;290.3062;0.0001234128
/Users/charlescostello/Personal/REND/RoboND-Rover-Project/dataset/IMG/robocam_2018_09_22_13_41_13_466.jpg;0;1;0;0.645601;99.77385;85.30637;1.227688;290.3083;-0.0008626694
/Users/charlescostello/Personal/REND/RoboND-Rover-Project/dataset/IMG/robocam_2018_09_22_13_41_13_515.jpg;0;1;0;0.6944216;99.78818;85.26726;1.196885;290.3204;-0.0008337719
/Users/charlescostello/Personal/REND/RoboND-Rover-Project/dataset/IMG/robocam_2018_09_22_13_41_13_567.jpg;0;1;0;0.7471257;99.79853;85.23891;1.194778;290.3327;-0.001346974
/Users/charlescostello/Personal/REND/RoboND-Rover-Project/dataset/IMG/robocam_2018_09_22_13_41_13_617.jpg;0;1;0;0.7894942;99.81487;85.19425;1.197767;290.3211;-0.0002824073
/Users/charlescostello/Personal/REND/RoboND-Rover-Project/dataset/IMG/robocam_2018_09_22_13_41_13_665.jpg;0;1;0;0.8225513;99.82638;85.16282;1.206823;290.2784;-0.0003598787
/Users/charlescostello/Personal/REND/RoboND-Rover-Project/dataset/IMG/robocam_2018_09_22_13_41_13_715.jpg;0;1;0;0.8780223;99.84457;85.11307;1.222667;290.2583;-0.001111239
/Users/charlescostello/Personal/REND/RoboND-Rover-Project/dataset/IMG/robocam_2018_09_22_13_41_13_766.jpg;0;1;0;0.9072961;99.85712;85.07862;1.222927;290.3069;-0.001658353
/Users/charlescostello/Personal/REND/RoboND-Rover-Project/dataset/IMG/robocam_2018_09_22_13_41_13_816.jpg;0;1;0;0.9656763;99.87694;85.02438;1.223587;290.313;-0.0008640692
/Users/charlescostello/Personal/REND/RoboND-Rover-Project/dataset/IMG/robocam_2018_09_22_13_41_13_867.jpg;0;1;0;0.9979343;99.89069;84.98675;1.219312;290.3088;-0.0008246119
/Users/charlescostello/Personal/REND/RoboND-Rover-Project/dataset/IMG/robocam_2018_09_22_13_41_13_916.jpg;0;1;0;1.040369;99.9121;84.92822;1.209749;290.3021;-0.0004218449
/Users/charlescostello/Personal/REND/RoboND-Rover-Project/dataset/IMG/robocam_2018_09_22_13_41_13_965.jpg;0;1;0;1.075085;99.92705;84.88733;1.222994;290.2973;-0.0008046515
/Users/charlescostello/Personal/REND/RoboND-Rover-Project/dataset/IMG/robocam_2018_09_22_13_41_14_016.jpg;0;1;0;1.121191;99.95021;84.82396;1.231945;290.288;-0.00086602
/Users/charlescostello/Personal/REND/RoboND-Rover-Project/dataset/IMG/robocam_2018_09_22_13_41_14_065.jpg;0;1;0;1.151033;99.96607;84.78055;1.226056;290.2738;-0.0007197224
/Users/charlescostello/Personal/REND/RoboND-Rover-Project/dataset/IMG/robocam_2018_09_22_13_41_14_116.jpg;0;1;0;1.197259;99.9907;84.71309;1.223198;290.2227;-0.0006870308
/Users/charlescostello/Personal/REND/RoboND-Rover-Project/dataset/IMG/robocam_2018_09_22_13_41_14_165.jpg;0;1;0;1.22857;100.0077;84.66656;1.226621;290.2014;-0.0007472499
/Users/charlescostello/Personal/REND/RoboND-Rover-Project/dataset/IMG/robocam_2018_09_22_13_41_14_216.jpg;0;0.9500108;0;1.27507;100.0339;84.59453;1.233271;290.1742;-0.000890879
/Users/charlescostello/Personal/REND/RoboND-Rover-Project/dataset/IMG/robocam_2018_09_22_13_41_14_266.jpg;2.202163;0.8031999;0;1.30555;100.0521;84.54534;1.233822;290.2241;-0.00123575
/Users/charlescostello/Personal/REND/RoboND-Rover-Project/dataset/IMG/robocam_2018_09_22_13_41_14_316.jpg;4.499862;0.65002;0;1.341586;100.0812;84.47036;1.231706;290.5005;-0.001925451
/Users/charlescostello/Personal/REND/RoboND-Rover-Project/dataset/IMG/robocam_2018_09_22_13_41_14_366.jpg;6.744914;0.5003499;0;1.357705;100.1018;84.42021;1.217279;290.8343;0.004040288
/Users/charlescostello/Personal/REND/RoboND-Rover-Project/dataset/IMG/robocam_2018_09_22_13_41_14_416.jpg;8.996982;0.350212;0;1.375899;100.1346;84.34521;1.175683;291.5333;0.03634147
/Users/charlescostello/Personal/REND/RoboND-Rover-Project/dataset/IMG/robocam_2018_09_22_13_41_14_466.jpg;11.22084;0.2019548;0;1.38242;100.1578;84.29586;1.12761;292.145;0.07810565
/Users/charlescostello/Personal/REND/RoboND-Rover-Project/dataset/IMG/robocam_2018_09_22_13_41_14_516.jpg;13.45324;0.053128;0;1.38376;100.1944;84.22338;1.017084;293.2392;0.1698315
/Users/charlescostello/Personal/REND/RoboND-Rover-Project/dataset/IMG/robocam_2018_09_22_13_41_14_566.jpg;15;0;0;1.379882;100.22;84.17645;0.9156976;294.0889;0.2547343
/Users/charlescostello/Personal/REND/RoboND-Rover-Project/dataset/IMG/robocam_2018_09_22_13_41_14_616.jpg;15;0;0;1.373506;100.2595;84.10757;0.7367726;295.3908;0.400787
/Users/charlescostello/Personal/REND/RoboND-Rover-Project/dataset/IMG/robocam_2018_09_22_13_41_14_665.jpg;15;0;0;1.369527;100.2864;84.06255;0.6043702;296.2544;0.5071473
/Users/charlescostello/Personal/REND/RoboND-Rover-Project/dataset/IMG/robocam_2018_09_22_13_41_14_716.jpg;15;0;0;1.363388;100.3277;83.99628;0.3926281;297.5405;0.6767399
/Users/charlescostello/Personal/REND/RoboND-Rover-Project/dataset/IMG/robocam_2018_09_22_13_41_14_767.jpg;15;0;0;1.359163;100.3559;83.95292;0.2461574;298.3923;0.7944639
/Users/charlescostello/Personal/REND/RoboND-Rover-Project/dataset/IMG/robocam_2018_09_22_13_41_14_816.jpg;15;0;0;1.35264;100.3992;83.88902;0.02391908;299.6633;0.9746202
/Users/charlescostello/Personal/REND/RoboND-Rover-Project/dataset/IMG/robocam_2018_09_22_13_41_14_865.jpg;15;0.1029693;0;1.34815;100.4286;83.8465;359.9027;300.4883;1.072051
/Users/charlescostello/Personal/REND/RoboND-Rover-Project/dataset/IMG/robocam_2018_09_22_13_41_14_916.jpg;12.79685;0.249846;0;1.35512;100.4735;83.78133;359.8228;301.6142;1.1279
/Users/charlescostello/Personal/REND/RoboND-Rover-Project/dataset/IMG/robocam_2018_09_22_13_41_14_966.jpg;10.54613;0.3998941;0;1.360741;100.5045;83.73584;359.8798;302.2079;1.074453
/Users/charlescostello/Personal/REND/RoboND-Rover-Project/dataset/IMG/robocam_2018_09_22_13_41_15_016.jpg;8.29694;0.54984;0;1.368753;100.5533;83.66704;0.01277566;303.03;0.9843698
/Users/charlescostello/Personal/REND/RoboND-Rover-Project/dataset/IMG/robocam_2018_09_22_13_41_15_066.jpg;6.022593;0.7014631;0;1.387868;100.5863;83.6207;0.09128461;303.4802;0.9123415
/Users/charlescostello/Personal/REND/RoboND-Rover-Project/dataset/IMG/robocam_2018_09_22_13_41_15_116.jpg;3.767869;0.851778;0;1.421175;100.637;83.54921;0.240284;303.9759;0.7856678
/Users/charlescostello/Personal/REND/RoboND-Rover-Project/dataset/IMG/robocam_2018_09_22_13_41_15_166.jpg;1.500093;1;0;1.44762;100.6715;83.49969;0.36566;304.152;0.681727
/Users/charlescostello/Personal/REND/RoboND-Rover-Project/dataset/IMG/robocam_2018_09_22_13_41_15_216.jpg;0;1;0;1.492182;100.7241;83.4225;0.5924717;304.2247;0.5028071
/Users/charlescostello/Personal/REND/RoboND-Rover-Project/dataset/IMG/robocam_2018_09_22_13_41_15_266.jpg;0;1;0;1.522094;100.7601;83.3694;0.7640182;304.2256;0.3781348
/Users/charlescostello/Personal/REND/RoboND-Rover-Project/dataset/IMG/robocam_2018_09_22_13_41_15_316.jpg;0;1;0;1.566404;100.8153;83.28763;1.033225;304.2092;0.1810682
/Users/charlescostello/Personal/REND/RoboND-Rover-Project/dataset/IMG/robocam_2018_09_22_13_41_15_366.jpg;0;1;0;1.596856;100.8528;83.23185;1.208153;304.1948;0.03866811
/Users/charlescostello/Personal/REND/RoboND-Rover-Project/dataset/IMG/robocam_2018_09_22_13_41_15_416.jpg;0;1;0;1.641593;100.911;83.1491;1.363974;304.2248;359.9615
/Users/charlescostello/Personal/REND/RoboND-Rover-Project/dataset/IMG/robocam_2018_09_22_13_41_15_466.jpg;0;1;0;1.667397;100.9496;83.09529;1.317472;304.2349;-0.005105421
/Users/charlescostello/Personal/REND/RoboND-Rover-Project/dataset/IMG/robocam_2018_09_22_13_41_15_516.jpg;0;1;0;1.728373;101.0074;83.01065;1.245289;304.1673;-0.0007285477
/Users/charlescostello/Personal/REND/RoboND-Rover-Project/dataset/IMG/robocam_2018_09_22_13_41_15_566.jpg;0;1;0;1.757945;101.0467;82.9524;1.22557;304.1567;-0.0007365215
/Users/charlescostello/Personal/REND/RoboND-Rover-Project/dataset/IMG/robocam_2018_09_22_13_41_15_616.jpg;0;1;0;1.802334;101.1072;82.86256;1.23333;304.146;-0.0006175548
/Users/charlescostello/Personal/REND/RoboND-Rover-Project/dataset/IMG/robocam_2018_09_22_13_41_15_666.jpg;0;1;0;1.831936;101.1486;82.80111;1.25978;304.1387;-0.0006561236
/Users/charlescostello/Personal/REND/RoboND-Rover-Project/dataset/IMG/robocam_2018_09_22_13_41_15_716.jpg;0;1;0;1.875215;101.2119;82.70702;1.30451;304.127;-0.001107391
/Users/charlescostello/Personal/REND/RoboND-Rover-Project/dataset/IMG/robocam_2018_09_22_13_41_15_767.jpg;0;1;0;1.905951;101.2547;82.64328;1.31631;304.1191;-0.001190074
/Users/charlescostello/Personal/REND/RoboND-Rover-Project/dataset/IMG/robocam_2018_09_22_13_41_15_816.jpg;0;1;0;1.952066;101.3199;82.54615;1.30624;304.1069;-0.001154122
/Users/charlescostello/Personal/REND/RoboND-Rover-Project/dataset/IMG/robocam_2018_09_22_13_41_15_867.jpg;0;1;0;1.982614;101.3642;82.48019;1.293301;304.0989;-0.0007277338
/Users/charlescostello/Personal/REND/RoboND-Rover-Project/dataset/IMG/robocam_2018_09_22_13_41_15_916.jpg;0;1;0;2.027498;101.4321;82.37904;1.297231;304.084;-0.001120011
/Users/charlescostello/Personal/REND/RoboND-Rover-Project/dataset/IMG/robocam_2018_09_22_13_41_15_967.jpg;0;1;0;2.057155;101.4782;82.31033;1.303782;304.0759;-0.001158924
/Users/charlescostello/Personal/REND/RoboND-Rover-Project/dataset/IMG/robocam_2018_09_22_13_41_16_016.jpg;0;1;0;2.101837;101.5484;82.20556;1.304338;304.0664;-0.001198608
/Users/charlescostello/Personal/REND/RoboND-Rover-Project/dataset/IMG/robocam_2018_09_22_13_41_16_066.jpg;0;1;0;2.131633;101.5961;82.13444;1.305063;304.0574;-0.001184838
/Users/charlescostello/Personal/REND/RoboND-Rover-Project/dataset/IMG/robocam_2018_09_22_13_41_16_115.jpg;0;1;0;2.175759;101.6689;82.02583;1.311614;304.0459;-0.001216813
/Users/charlescostello/Personal/REND/RoboND-Rover-Project/dataset/IMG/robocam_2018_09_22_13_41_16_166.jpg;0;1;0;2.204588;101.7181;81.95227;1.311746;304.0391;-0.001201281
/Users/charlescostello/Personal/REND/RoboND-Rover-Project/dataset/IMG/robocam_2018_09_22_13_41_16_216.jpg;-0.7508254;1;0;2.249305;101.7933;81.83995;1.317268;304.0129;-0.001219511
/Users/charlescostello/Personal/REND/RoboND-Rover-Project/dataset/IMG/robocam_2018_09_22_13_41_16_267.jpg;-3.000196;0.9516459;0;2.277808;101.8435;81.76357;1.31497;303.8674;-0.0003269747
/Users/charlescostello/Personal/REND/RoboND-Rover-Project/dataset/IMG/robocam_2018_09_22_13_41_16_316.jpg;-5.229047;0.8030558;0;2.317909;101.9184;81.64656;1.306992;303.3959;0.001180329
/Users/charlescostello/Personal/REND/RoboND-Rover-Project/dataset/IMG/robocam_2018_09_22_13_41_16_366.jpg;-7.501817;0.6515378;0;2.337369;101.9676;81.56705;1.294701;302.8782;-0.002575505
/Users/charlescostello/Personal/REND/RoboND-Rover-Project/dataset/IMG/robocam_2018_09_22_13_41_16_416.jpg;-9.728957;0.5030618;0;2.359203;102.0389;81.44572;1.242564;301.8136;359.9549
/Users/charlescostello/Personal/REND/RoboND-Rover-Project/dataset/IMG/robocam_2018_09_22_13_41_16_467.jpg;-12.00474;0.3513428;0;2.36819;102.084;81.36363;1.177084;300.8953;359.8922
/Users/charlescostello/Personal/REND/RoboND-Rover-Project/dataset/IMG/robocam_2018_09_22_13_41_16_516.jpg;-14.25299;0.2014599;0;2.372804;102.1475;81.23917;1.022197;299.2509;359.7438
/Users/charlescostello/Personal/REND/RoboND-Rover-Project/dataset/IMG/robocam_2018_09_22_13_41_16_566.jpg;-15;0.05318201;0;2.37051;102.1868;81.15576;0.8732465;298.0153;359.614
/Users/charlescostello/Personal/REND/RoboND-Rover-Project/dataset/IMG/robocam_2018_09_22_13_41_16_616.jpg;-15;0;0;2.361746;102.2414;81.03056;0.5852699;296.1278;359.3835
/Users/charlescostello/Personal/REND/RoboND-Rover-Project/dataset/IMG/robocam_2018_09_22_13_41_16_667.jpg;-15;0;0;2.354757;102.2752;80.947;0.3616751;294.8792;359.2068
/Users/charlescostello/Personal/REND/RoboND-Rover-Project/dataset/IMG/robocam_2018_09_22_13_41_16_717.jpg;-15;0;0;2.343736;102.3218;80.82148;-0.005428266;293.0267;358.9124
/Users/charlescostello/Personal/REND/RoboND-Rover-Project/dataset/IMG/robocam_2018_09_22_13_41_16_766.jpg;-15;0;0;2.33655;102.352;80.73683;359.8112;291.842;358.7594
/Users/charlescostello/Personal/REND/RoboND-Rover-Project/dataset/IMG/robocam_2018_09_22_13_41_16_816.jpg;-15;0;0;2.325438;102.3974;80.60717;359.726;290.1879;358.7193
/Users/charlescostello/Personal/REND/RoboND-Rover-Project/dataset/IMG/robocam_2018_09_22_13_41_16_866.jpg;-15;0;0;2.316394;102.4259;80.51917;359.7514;289.0811;358.7654
/Users/charlescostello/Personal/REND/RoboND-Rover-Project/dataset/IMG/robocam_2018_09_22_13_41_16_916.jpg;-15;0;0;2.303048;102.4652;80.38461;359.9053;287.4021;358.9075
/Users/charlescostello/Personal/REND/RoboND-Rover-Project/dataset/IMG/robocam_2018_09_22_13_41_16_966.jpg;-15;0;0;2.287076;102.4866;80.29398;0.03105939;286.1997;358.9558
/Users/charlescostello/Personal/REND/RoboND-Rover-Project/dataset/IMG/robocam_2018_09_22_13_41_17_016.jpg;-15;0;0;2.276815;102.5138;80.15966;0.09255588;284.2911;358.9799
/Users/charlescostello/Personal/REND/RoboND-Rover-Project/dataset/IMG/robocam_2018_09_22_13_41_17_067.jpg;-14.28369;0.1472071;0;2.272127;102.5293;80.0705;0.09212331;283.0195;358.9695
/Users/charlescostello/Personal/REND/RoboND-Rover-Project/dataset/IMG/robocam_2018_09_22_13_41_17_116.jpg;-11.98644;0.300357;0;2.274616;102.55;79.93694;0.04530464;281.2914;358.9489
/Users/charlescostello/Personal/REND/RoboND-Rover-Project/dataset/IMG/robocam_2018_09_22_13_41_17_165.jpg;-9.739684;0.4501408;0;2.281664;102.5628;79.84758;-0.0008081568;280.3276;358.9419
/Users/charlescostello/Personal/REND/RoboND-Rover-Project/dataset/IMG/robocam_2018_09_22_13_41_17_216.jpg;-7.486934;0.6003242;0;2.298766;102.581;79.71136;359.9909;279.1505;358.9492
/Users/charlescostello/Personal/REND/RoboND-Rover-Project/dataset/IMG/robocam_2018_09_22_13_41_17_267.jpg;-5.234056;0.7505161;0;2.315117;102.5929;79.61921;0.008149023;278.5581;358.9632
/Users/charlescostello/Personal/REND/RoboND-Rover-Project/dataset/IMG/robocam_2018_09_22_13_41_17_317.jpg;-2.995892;0.899727;0;2.347592;102.6109;79.47871;0.06464927;277.9358;359.0102
/Users/charlescostello/Personal/REND/RoboND-Rover-Project/dataset/IMG/robocam_2018_09_22_13_41_17_366.jpg;-0.7360822;0.8504791;0;2.372313;102.6235;79.3834;0.1265235;277.7256;359.0669
/Users/charlescostello/Personal/REND/RoboND-Rover-Project/dataset/IMG/robocam_2018_09_22_13_41_17_416.jpg;0;0.7010432;0;2.404812;102.6432;79.23833;0.2502627;277.6414;359.1791
/Users/charlescostello/Personal/REND/RoboND-Rover-Project/dataset/IMG/robocam_2018_09_22_13_41_17_467.jpg;0;0.5506622;0;2.421793;102.6564;79.1406;0.3434369;277.6321;359.2616
/Users/charlescostello/Personal/REND/RoboND-Rover-Project/dataset/IMG/robocam_2018_09_22_13_41_17_516.jpg;0;0.7008512;0;2.443527;102.6765;78.99275;0.4920551;277.6345;359.393
/Users/charlescostello/Personal/REND/RoboND-Rover-Project/dataset/IMG/robocam_2018_09_22_13_41_17_566.jpg;0;0.8502213;0;2.462417;102.6901;78.89303;0.6021149;277.6402;359.4854
/Users/charlescostello/Personal/REND/RoboND-Rover-Project/dataset/IMG/robocam_2018_09_22_13_41_17_616.jpg;0;0.9988142;0;2.498461;102.7108;78.74122;0.790414;277.6527;359.6298
/Users/charlescostello/Personal/REND/RoboND-Rover-Project/dataset/IMG/robocam_2018_09_22_13_41_17_667.jpg;0;1;0;2.525975;102.7249;78.6384;0.9315609;277.6634;359.7294
/Users/charlescostello/Personal/REND/RoboND-Rover-Project/dataset/IMG/robocam_2018_09_22_13_41_17_717.jpg;0;1;0;2.567627;102.7465;78.48189;1.156702;277.6868;359.8848
/Users/charlescostello/Personal/REND/RoboND-Rover-Project/dataset/IMG/robocam_2018_09_22_13_41_17_766.jpg;0;1;0;2.595093;102.7613;78.37627;1.30152;277.7064;-0.003561228
/Users/charlescostello/Personal/REND/RoboND-Rover-Project/dataset/IMG/robocam_2018_09_22_13_41_17_816.jpg;0;1;0;2.636729;102.7807;78.2172;1.415151;277.6648;-0.0002409176
/Users/charlescostello/Personal/REND/RoboND-Rover-Project/dataset/IMG/robocam_2018_09_22_13_41_17_866.jpg;0;1;0;2.670463;102.7941;78.11159;1.372068;277.6843;-0.002486001
/Users/charlescostello/Personal/REND/RoboND-Rover-Project/dataset/IMG/robocam_2018_09_22_13_41_17_915.jpg;0;1;0;2.716677;102.8148;77.95088;1.312669;277.6843;-0.0006627756
/Users/charlescostello/Personal/REND/RoboND-Rover-Project/dataset/IMG/robocam_2018_09_22_13_41_17_967.jpg;0;1;0;2.744145;102.8289;77.842;1.295581;277.6745;-0.0007109815
/Users/charlescostello/Personal/REND/RoboND-Rover-Project/dataset/IMG/robocam_2018_09_22_13_41_18_017.jpg;0;1;0;2.785293;102.8505;77.67613;1.298758;277.6569;-0.000812948
/Users/charlescostello/Personal/REND/RoboND-Rover-Project/dataset/IMG/robocam_2018_09_22_13_41_18_066.jpg;0;1;0;2.812698;102.8651;77.56392;1.317347;277.6449;-0.0008280791
/Users/charlescostello/Personal/REND/RoboND-Rover-Project/dataset/IMG/robocam_2018_09_22_13_41_18_115.jpg;0;1;0;2.853775;102.8873;77.39328;1.361439;277.6254;-0.00130424
/Users/charlescostello/Personal/REND/RoboND-Rover-Project/dataset/IMG/robocam_2018_09_22_13_41_18_165.jpg;0;1;0;2.880489;102.9022;77.27843;1.375687;277.615;-0.001461781
/Users/charlescostello/Personal/REND/RoboND-Rover-Project/dataset/IMG/robocam_2018_09_22_13_41_18_215.jpg;0;1;0;2.923323;102.9247;77.10452;1.367277;277.5964;-0.001416387
/Users/charlescostello/Personal/REND/RoboND-Rover-Project/dataset/IMG/robocam_2018_09_22_13_41_18_267.jpg;0;1;0;2.951868;102.9399;76.98714;1.362554;277.5865;-0.0009978634
/Users/charlescostello/Personal/REND/RoboND-Rover-Project/dataset/IMG/robocam_2018_09_22_13_41_18_316.jpg;0;1;0;2.992743;102.9629;76.80885;1.368213;277.5687;-0.001446265
/Users/charlescostello/Personal/REND/RoboND-Rover-Project/dataset/IMG/robocam_2018_09_22_13_41_18_367.jpg;0;1;0;3.020332;102.9783;76.68866;1.369421;277.5588;-0.001484196
/Users/charlescostello/Personal/REND/RoboND-Rover-Project/dataset/IMG/robocam_2018_09_22_13_41_18_416.jpg;0;1;0;3.061591;103.0018;76.5063;1.372401;277.5465;-0.001043484
/Users/charlescostello/Personal/REND/RoboND-Rover-Project/dataset/IMG/robocam_2018_09_22_13_41_18_466.jpg;0;1;0;3.088717;103.0175;76.38335;1.376014;277.5355;-0.001518921
/Users/charlescostello/Personal/REND/RoboND-Rover-Project/dataset/IMG/robocam_2018_09_22_13_41_18_517.jpg;0;1;0;3.129772;103.0414;76.19696;1.377125;277.5218;-0.001526094
/Users/charlescostello/Personal/REND/RoboND-Rover-Project/dataset/IMG/robocam_2018_09_22_13_41_18_567.jpg;0;1;0;3.157059;103.0574;76.0713;1.379395;277.514;-0.001093247
/Users/charlescostello/Personal/REND/RoboND-Rover-Project/dataset/IMG/robocam_2018_09_22_13_41_18_617.jpg;0;1;0;3.197574;103.0817;75.88083;1.382207;277.498;-0.001528173
/Users/charlescostello/Personal/REND/RoboND-Rover-Project/dataset/IMG/robocam_2018_09_22_13_41_18_666.jpg;0;0.8499279;0;3.223619;103.098;75.75261;1.382124;277.4901;-0.001064498
/Users/charlescostello/Personal/REND/RoboND-Rover-Project/dataset/IMG/robocam_2018_09_22_13_41_18_717.jpg;0;0.7000028;0;3.254564;103.1226;75.55882;1.380005;277.4741;-0.001028509
/Users/charlescostello/Personal/REND/RoboND-Rover-Project/dataset/IMG/robocam_2018_09_22_13_41_18_766.jpg;0;0.5500537;0;3.270671;103.1391;75.42898;1.372552;277.4617;-0.0008930233
/Users/charlescostello/Personal/REND/RoboND-Rover-Project/dataset/IMG/robocam_2018_09_22_13_41_18_816.jpg;0;0.3999158;0;3.286162;103.1638;75.23376;1.344175;277.441;-0.0008389301
/Users/charlescostello/Personal/REND/RoboND-Rover-Project/dataset/IMG/robocam_2018_09_22_13_41_18_866.jpg;0;0.253165;0;3.291696;103.1803;75.10366;1.308347;277.4269;-0.0007683697
/Users/charlescostello/Personal/REND/RoboND-Rover-Project/dataset/IMG/robocam_2018_09_22_13_41_18_916.jpg;0;0.09994006;0;3.292145;103.2048;74.9091;1.222129;277.4058;-0.0006677962
/Users/charlescostello/Personal/REND/RoboND-Rover-Project/dataset/IMG/robocam_2018_09_22_13_41_18_965.jpg;0;0;0;3.287761;103.221;74.78004;1.140327;277.3922;-0.0005828959
/Users/charlescostello/Personal/REND/RoboND-Rover-Project/dataset/IMG/robocam_2018_09_22_13_41_19_016.jpg;0;0;0;3.277366;103.2452;74.58755;0.984576;277.3727;-0.0003497986
/Users/charlescostello/Personal/REND/RoboND-Rover-Project/dataset/IMG/robocam_2018_09_22_13_41_19_066.jpg;0;0;0;3.270408;103.2612;74.45988;0.8637414;277.3604;-9.809506E-05
/Users/charlescostello/Personal/REND/RoboND-Rover-Project/dataset/IMG/robocam_2018_09_22_13_41_19_116.jpg;0;0;0;3.259939;103.2852;74.26923;0.6650227;277.3439;0.001613658
/Users/charlescostello/Personal/REND/RoboND-Rover-Project/dataset/IMG/robocam_2018_09_22_13_41_19_166.jpg;0;0;0;3.252967;103.3011;74.14261;0.5250375;277.3352;0.00616301
/Users/charlescostello/Personal/REND/RoboND-Rover-Project/dataset/IMG/robocam_2018_09_22_13_41_19_216.jpg;0;0;0;3.242396;103.3251;73.95331;0.3102493;277.3256;0.01879315
/Users/charlescostello/Personal/REND/RoboND-Rover-Project/dataset/IMG/robocam_2018_09_22_13_41_19_266.jpg;0;0;0;3.235287;103.3411;73.82748;0.1671942;277.3217;0.03109526
/Users/charlescostello/Personal/REND/RoboND-Rover-Project/dataset/IMG/robocam_2018_09_22_13_41_19_316.jpg;0;0;0;3.224553;103.3651;73.63918;359.9578;277.3195;0.05511667
/Users/charlescostello/Personal/REND/RoboND-Rover-Project/dataset/IMG/robocam_2018_09_22_13_41_19_365.jpg;0;0;0;3.217338;103.3808;73.51353;359.8444;277.3091;0.04770803
/Users/charlescostello/Personal/REND/RoboND-Rover-Project/dataset/IMG/robocam_2018_09_22_13_41_19_416.jpg;0;0;0;3.205823;103.4043;73.32515;359.7006;277.2905;0.01782878
/Users/charlescostello/Personal/REND/RoboND-Rover-Project/dataset/IMG/robocam_2018_09_22_13_41_19_466.jpg;0;0;0;3.198193;103.4202;73.19987;359.6105;277.2843;0.002346618
/Users/charlescostello/Personal/REND/RoboND-Rover-Project/dataset/IMG/robocam_2018_09_22_13_41_19_517.jpg;0;0;0;3.186758;103.4443;73.01203;359.5053;277.2841;359.993
/Users/charlescostello/Personal/REND/RoboND-Rover-Project/dataset/IMG/robocam_2018_09_22_13_41_19_567.jpg;0;0;0;3.179472;103.4605;72.88701;359.4471;277.2896;-0.0006087922
/Users/charlescostello/Personal/REND/RoboND-Rover-Project/dataset/IMG/robocam_2018_09_22_13_41_19_616.jpg;0;0;0;3.167929;103.4846;72.69974;359.3746;277.2958;0.01246801
/Users/charlescostello/Personal/REND/RoboND-Rover-Project/dataset/IMG/robocam_2018_09_22_13_41_19_667.jpg;0;0;0;3.160694;103.5004;72.57499;359.3395;277.2916;0.005554937
/Users/charlescostello/Personal/REND/RoboND-Rover-Project/dataset/IMG/robocam_2018_09_22_13_41_19_717.jpg;0;0;0;3.149031;103.5241;72.38817;359.3036;277.2855;359.9891
/Users/charlescostello/Personal/REND/RoboND-Rover-Project/dataset/IMG/robocam_2018_09_22_13_41_19_765.jpg;0;0;0;3.141831;103.54;72.26396;359.2816;277.2843;359.9813
/Users/charlescostello/Personal/REND/RoboND-Rover-Project/dataset/IMG/robocam_2018_09_22_13_41_19_816.jpg;0;0;0;3.131064;103.564;72.07795;359.2648;277.291;359.9878
/Users/charlescostello/Personal/REND/RoboND-Rover-Project/dataset/IMG/robocam_2018_09_22_13_41_19_866.jpg;0;0;0;3.122982;103.5801;71.95409;359.2667;277.2964;0.0002003997
/Users/charlescostello/Personal/REND/RoboND-Rover-Project/dataset/IMG/robocam_2018_09_22_13_41_19_916.jpg;0;0;0;3.112247;103.6038;71.76882;359.2696;277.299;0.01275013
/Users/charlescostello/Personal/REND/RoboND-Rover-Project/dataset/IMG/robocam_2018_09_22_13_41_19_967.jpg;0;0;0;3.105146;103.6196;71.64566;359.2715;277.2995;0.01975652
/Users/charlescostello/Personal/REND/RoboND-Rover-Project/dataset/IMG/robocam_2018_09_22_13_41_20_016.jpg;0;0;0;3.094532;103.6429;71.46121;359.2862;277.2933;0.01444502
/Users/charlescostello/Personal/REND/RoboND-Rover-Project/dataset/IMG/robocam_2018_09_22_13_41_20_067.jpg;0;0;0;3.086624;103.6585;71.33845;359.3063;277.2883;0.002925036
/Users/charlescostello/Personal/REND/RoboND-Rover-Project/dataset/IMG/robocam_2018_09_22_13_41_20_115.jpg;0;0;0;3.076057;103.6819;71.15491;359.333;277.286;359.9912
/Users/charlescostello/Personal/REND/RoboND-Rover-Project/dataset/IMG/robocam_2018_09_22_13_41_20_167.jpg;0;0;0;3.069068;103.6975;71.03294;359.3484;277.2856;359.9846
/Users/charlescostello/Personal/REND/RoboND-Rover-Project/dataset/IMG/robocam_2018_09_22_13_41_20_216.jpg;0;0;0;3.058625;103.7209;70.85059;359.3677;277.2855;359.9759
/Users/charlescostello/Personal/REND/RoboND-Rover-Project/dataset/IMG/robocam_2018_09_22_13_41_20_266.jpg;0;0;0;3.051688;103.7364;70.7294;359.3781;277.2855;359.9708
/Users/charlescostello/Personal/REND/RoboND-Rover-Project/dataset/IMG/robocam_2018_09_22_13_41_20_316.jpg;0;0;0;3.040659;103.7599;70.54784;359.4149;277.2949;359.9903
/Users/charlescostello/Personal/REND/RoboND-Rover-Project/dataset/IMG/robocam_2018_09_22_13_41_20_366.jpg;0;0;0;3.033745;103.7754;70.42721;359.4342;277.2964;-0.002654942
/Users/charlescostello/Personal/REND/RoboND-Rover-Project/dataset/IMG/robocam_2018_09_22_13_41_20_416.jpg;0;0;0;3.023459;103.7985;70.24688;359.4567;277.2971;0.006300426
/Users/charlescostello/Personal/REND/RoboND-Rover-Project/dataset/IMG/robocam_2018_09_22_13_41_20_466.jpg;0;0;0;3.016628;103.8138;70.12706;359.4677;277.2972;0.01165385
/Users/charlescostello/Personal/REND/RoboND-Rover-Project/dataset/IMG/robocam_2018_09_22_13_41_20_516.jpg;0;0;0;3.006414;103.8368;69.94795;359.4782;277.2972;0.01883499
/Users/charlescostello/Personal/REND/RoboND-Rover-Project/dataset/IMG/robocam_2018_09_22_13_41_20_567.jpg;0;0;0;2.99936;103.8518;69.82868;359.496;277.2909;0.00705269
/Users/charlescostello/Personal/REND/RoboND-Rover-Project/dataset/IMG/robocam_2018_09_22_13_41_20_616.jpg;0;0;0;2.988938;103.8745;69.65047;359.5142;277.2883;-0.001959021
/Users/charlescostello/Personal/REND/RoboND-Rover-Project/dataset/IMG/robocam_2018_09_22_13_41_20_665.jpg;0;0;0;2.982193;103.8897;69.53208;359.5217;277.2878;359.9933
/Users/charlescostello/Personal/REND/RoboND-Rover-Project/dataset/IMG/robocam_2018_09_22_13_41_20_715.jpg;0;0;0;2.972112;103.9123;69.35512;359.5265;277.2877;359.9869
/Users/charlescostello/Personal/REND/RoboND-Rover-Project/dataset/IMG/robocam_2018_09_22_13_41_20_766.jpg;0;0;0;2.96541;103.9275;69.23744;359.5327;277.2914;359.9918
/Users/charlescostello/Personal/REND/RoboND-Rover-Project/dataset/IMG/robocam_2018_09_22_13_41_20_816.jpg;0;0;0;2.954914;103.9501;69.06141;359.5437;277.2953;0.002065491
/Users/charlescostello/Personal/REND/RoboND-Rover-Project/dataset/IMG/robocam_2018_09_22_13_41_20_866.jpg;0;0;0;2.948249;103.9651;68.94445;359.5466;277.296;0.00697037
/Users/charlescostello/Personal/REND/RoboND-Rover-Project/dataset/IMG/robocam_2018_09_22_13_41_20_916.jpg;0;0;0;2.938285;103.9875;68.76961;359.5447;277.2963;0.01336256
/Users/charlescostello/Personal/REND/RoboND-Rover-Project/dataset/IMG/robocam_2018_09_22_13_41_20_967.jpg;0;0;0;2.93166;104.0022;68.6533;359.5472;277.2922;0.007735637
/Users/charlescostello/Personal/REND/RoboND-Rover-Project/dataset/IMG/robocam_2018_09_22_13_41_21_016.jpg;0;0;0;2.921297;104.0244;68.47933;359.5519;277.2885;-0.001994679
/Users/charlescostello/Personal/REND/RoboND-Rover-Project/dataset/IMG/robocam_2018_09_22_13_41_21_065.jpg;0;0;0;2.914707;104.0391;68.36377;359.5509;277.2878;359.9934
/Users/charlescostello/Personal/REND/RoboND-Rover-Project/dataset/IMG/robocam_2018_09_22_13_41_21_116.jpg;0;0;0;2.904852;104.0612;68.19102;359.5438;277.2875;359.9874
/Users/charlescostello/Personal/REND/RoboND-Rover-Project/dataset/IMG/robocam_2018_09_22_13_41_21_166.jpg;2.202432;0;0;2.898016;104.0768;68.07613;359.5483;277.3833;0.01384647
/Users/charlescostello/Personal/REND/RoboND-Rover-Project/dataset/IMG/robocam_2018_09_22_13_41_21_216.jpg;4.460846;0;0;2.887367;104.1019;67.90475;359.5459;277.7748;0.08878184
/Users/charlescostello/Personal/REND/RoboND-Rover-Project/dataset/IMG/robocam_2018_09_22_13_41_21_266.jpg;6.702208;0;0;2.879456;104.1201;67.79088;359.5591;278.2446;0.1564367
/Users/charlescostello/Personal/REND/RoboND-Rover-Project/dataset/IMG/robocam_2018_09_22_13_41_21_316.jpg;9.00144;0;0;2.866411;104.151;67.62131;359.5826;279.2628;0.3195127
/Users/charlescostello/Personal/REND/RoboND-Rover-Project/dataset/IMG/robocam_2018_09_22_13_41_21_366.jpg;11.25081;0;0;2.85667;104.1745;67.50918;359.608;280.1715;0.4696168
/Users/charlescostello/Personal/REND/RoboND-Rover-Project/dataset/IMG/robocam_2018_09_22_13_41_21_416.jpg;13.50054;0;0;2.84036;104.2144;67.34267;359.6628;281.8309;0.7558601
/Users/charlescostello/Personal/REND/RoboND-Rover-Project/dataset/IMG/robocam_2018_09_22_13_41_21_466.jpg;15;0;0;2.828578;104.2441;67.23264;359.7307;283.1051;0.9653386
/Users/charlescostello/Personal/REND/RoboND-Rover-Project/dataset/IMG/robocam_2018_09_22_13_41_21_516.jpg;13.49358;0;0;2.813875;104.2917;67.06726;359.9474;284.9941;1.1855
/Users/charlescostello/Personal/REND/RoboND-Rover-Project/dataset/IMG/robocam_2018_09_22_13_41_21_566.jpg;11.243;0;0.1000289;2.805204;104.3244;66.959;0.04031437;286.1542;1.24218
/Users/charlescostello/Personal/REND/RoboND-Rover-Project/dataset/IMG/robocam_2018_09_22_13_41_21_616.jpg;8.993628;0;0.2499869;2.775146;104.3729;66.802;359.9601;287.7495;1.13968
/Users/charlescostello/Personal/REND/RoboND-Rover-Project/dataset/IMG/robocam_2018_09_22_13_41_21_667.jpg;6.743672;0;0.3999839;2.723109;104.4069;66.70187;359.8224;288.4853;1.044309
/Users/charlescostello/Personal/REND/RoboND-Rover-Project/dataset/IMG/robocam_2018_09_22_13_41_21_717.jpg;4.541461;0;0.546798;2.635984;104.4577;66.55715;359.5892;289.2797;0.8409074
/Users/charlescostello/Personal/REND/RoboND-Rover-Project/dataset/IMG/robocam_2018_09_22_13_41_21_766.jpg;2.243489;0;0.6999961;2.555214;104.4902;66.46538;359.3853;289.6274;0.6573569
/Users/charlescostello/Personal/REND/RoboND-Rover-Project/dataset/IMG/robocam_2018_09_22_13_41_21_816.jpg;0.02589226;0;0.8478359;2.400113;104.536;66.33593;358.9953;289.9518;0.3023404
/Users/charlescostello/Personal/REND/RoboND-Rover-Project/dataset/IMG/robocam_2018_09_22_13_41_21_865.jpg;0;0;0.9999779;2.293715;104.5645;66.25527;358.6942;290.0559;0.007329149
/Users/charlescostello/Personal/REND/RoboND-Rover-Project/dataset/IMG/robocam_2018_09_22_13_41_21_916.jpg;0;0;1;2.145726;104.6101;66.14176;358.3411;290.2519;359.8595
/Users/charlescostello/Personal/REND/RoboND-Rover-Project/dataset/IMG/robocam_2018_09_22_13_41_21_967.jpg;0;0;1;2.067295;104.6407;66.06854;358.1989;290.5466;359.8641
/Users/charlescostello/Personal/REND/RoboND-Rover-Project/dataset/IMG/robocam_2018_09_22_13_41_22_016.jpg;0;0;1;1.950644;104.6866;65.96204;358.1453;291.1653;359.9875
/Users/charlescostello/Personal/REND/RoboND-Rover-Project/dataset/IMG/robocam_2018_09_22_13_41_22_066.jpg;0;0;1;1.871771;104.7162;65.8926;358.2321;291.6522;0.07099405
/Users/charlescostello/Personal/REND/RoboND-Rover-Project/dataset/IMG/robocam_2018_09_22_13_41_22_116.jpg;0;0;1;1.748811;104.758;65.79095;358.5069;292.132;0.04361333
/Users/charlescostello/Personal/REND/RoboND-Rover-Project/dataset/IMG/robocam_2018_09_22_13_41_22_166.jpg;0;0;1;1.671855;104.7844;65.72472;358.8011;292.2534;359.9305
/Users/charlescostello/Personal/REND/RoboND-Rover-Project/dataset/IMG/robocam_2018_09_22_13_41_22_216.jpg;0;0;1;1.452962;104.8195;65.64313;358.9226;292.295;359.9067
/Users/charlescostello/Personal/REND/RoboND-Rover-Project/dataset/IMG/robocam_2018_09_22_13_41_22_266.jpg;0;0;1;1.284883;104.838;65.59996;358.7677;292.243;359.913
/Users/charlescostello/Personal/REND/RoboND-Rover-Project/dataset/IMG/robocam_2018_09_22_13_41_22_316.jpg;0;0;1;1.112683;104.8626;65.54269;358.5095;292.1935;0.003770018
/Users/charlescostello/Personal/REND/RoboND-Rover-Project/dataset/IMG/robocam_2018_09_22_13_41_22_366.jpg;0;0;1;1.038683;104.8769;65.50548;358.4622;292.2196;0.007352652
/Users/charlescostello/Personal/REND/RoboND-Rover-Project/dataset/IMG/robocam_2018_09_22_13_41_22_416.jpg;0;0;1;0.9232993;104.8975;65.45193;358.5791;292.1424;359.9929
/Users/charlescostello/Personal/REND/RoboND-Rover-Project/dataset/IMG/robocam_2018_09_22_13_41_22_467.jpg;0;0;1;0.8342689;104.9096;65.42117;358.6577;292.0558;-0.005296478
/Users/charlescostello/Personal/REND/RoboND-Rover-Project/dataset/IMG/robocam_2018_09_22_13_41_22_516.jpg;0;0;1;0.5785244;104.9217;65.38954;358.5487;291.9469;0.00395037
/Users/charlescostello/Personal/REND/RoboND-Rover-Project/dataset/IMG/robocam_2018_09_22_13_41_22_566.jpg;0;0;1;0.4286713;104.9265;65.37695;358.411;291.9659;0.005703881
/Users/charlescostello/Personal/REND/RoboND-Rover-Project/dataset/IMG/robocam_2018_09_22_13_41_22_616.jpg;0;0;1;0.2565018;104.9301;65.36615;358.2602;291.5861;359.9813
/Users/charlescostello/Personal/REND/RoboND-Rover-Project/dataset/IMG/robocam_2018_09_22_13_41_22_666.jpg;0;0;1;0.1347373;104.9297;65.36417;358.1769;291.3682;359.9837
/Users/charlescostello/Personal/REND/RoboND-Rover-Project/dataset/IMG/robocam_2018_09_22_13_41_22_716.jpg;0;0;1;-0.02776831;104.9298;65.36406;358.2177;291.371;0.08081959
/Users/charlescostello/Personal/REND/RoboND-Rover-Project/dataset/IMG/robocam_2018_09_22_13_41_22_766.jpg;0;0;1;-0.0672256;104.9297;65.36398;358.4038;291.3644;0.0653861
/Users/charlescostello/Personal/REND/RoboND-Rover-Project/dataset/IMG/robocam_2018_09_22_13_41_22_817.jpg;0;0;1;-0.136741;104.9297;65.36404;358.8828;291.3672;359.9868
/Users/charlescostello/Personal/REND/RoboND-Rover-Project/dataset/IMG/robocam_2018_09_22_13_41_22_866.jpg;0;0;1;-0.1469127;104.9297;65.36417;359.2086;291.3672;359.9667
/Users/charlescostello/Personal/REND/RoboND-Rover-Project/dataset/IMG/robocam_2018_09_22_13_41_22_915.jpg;0;0;0;-0.1404331;104.9296;65.36436;359.6789;291.3673;359.9391
/Users/charlescostello/Personal/REND/RoboND-Rover-Project/dataset/IMG/robocam_2018_09_22_13_41_22_966.jpg;0;0;0;-0.1348935;104.9296;65.36447;359.9772;291.3676;359.9228
/Users/charlescostello/Personal/REND/RoboND-Rover-Project/dataset/IMG/robocam_2018_09_22_13_41_23_017.jpg;2.298782;0;0;-0.1250204;104.9296;65.36463;0.3966666;291.647;359.8997
/Users/charlescostello/Personal/REND/RoboND-Rover-Project/dataset/IMG/robocam_2018_09_22_13_41_23_067.jpg;4.548645;0;0;-0.1175521;104.9295;65.36474;0.6402625;292.1492;359.8958
/Users/charlescostello/Personal/REND/RoboND-Rover-Project/dataset/IMG/robocam_2018_09_22_13_41_23_117.jpg;6.749372;0;0;-0.09231359;104.9295;65.36485;0.9471856;293.2367;359.9072
/Users/charlescostello/Personal/REND/RoboND-Rover-Project/dataset/IMG/robocam_2018_09_22_13_41_23_166.jpg;9.043969;0;0;-0.08105475;104.9295;65.36492;1.11631;294.2783;359.9181
/Users/charlescostello/Personal/REND/RoboND-Rover-Project/dataset/IMG/robocam_2018_09_22_13_41_23_216.jpg;11.25041;0;0;-0.05535321;104.9294;65.36504;1.270543;296.174;359.9738
/Users/charlescostello/Personal/REND/RoboND-Rover-Project/dataset/IMG/robocam_2018_09_22_13_41_23_266.jpg;13.54689;0;0;-0.04706792;104.9294;65.36509;1.266954;297.7511;0.02826306
/Users/charlescostello/Personal/REND/RoboND-Rover-Project/dataset/IMG/robocam_2018_09_22_13_41_23_317.jpg;15;0;0;0.0390182;104.9293;65.36507;1.163759;300.4081;0.04883569
/Users/charlescostello/Personal/REND/RoboND-Rover-Project/dataset/IMG/robocam_2018_09_22_13_41_23_365.jpg;15;0;0;0.04267774;104.9293;65.36503;1.074812;302.2078;0.05185381
/Users/charlescostello/Personal/REND/RoboND-Rover-Project/dataset/IMG/robocam_2018_09_22_13_41_23_416.jpg;15;0;0;0.04560437;104.9293;65.36497;0.9364469;304.9076;0.06596203
/Users/charlescostello/Personal/REND/RoboND-Rover-Project/dataset/IMG/robocam_2018_09_22_13_41_23_467.jpg;15;0;0;0.04695218;104.9293;65.36493;0.8420721;306.7075;0.08138278
/Users/charlescostello/Personal/REND/RoboND-Rover-Project/dataset/IMG/robocam_2018_09_22_13_41_23_517.jpg;15;0;0;0.04810572;104.9293;65.36487;0.6993599;309.4074;0.1121005
/Users/charlescostello/Personal/REND/RoboND-Rover-Project/dataset/IMG/robocam_2018_09_22_13_41_23_567.jpg;15;0;0;0.04832629;104.9294;65.36482;0.6049206;311.2073;0.1370501
/Users/charlescostello/Personal/REND/RoboND-Rover-Project/dataset/IMG/robocam_2018_09_22_13_41_23_616.jpg;15;0;0;0.04789254;104.9294;65.36477;0.4665638;313.9073;0.1799758
/Users/charlescostello/Personal/REND/RoboND-Rover-Project/dataset/IMG/robocam_2018_09_22_13_41_23_666.jpg;15;0;0;0.04713067;104.9294;65.36472;0.3776716;315.7074;0.2114727
/Users/charlescostello/Personal/REND/RoboND-Rover-Project/dataset/IMG/robocam_2018_09_22_13_41_23_716.jpg;15;0;0;0.04535016;104.9294;65.36466;0.2510231;318.4076;0.2615884
/Users/charlescostello/Personal/REND/RoboND-Rover-Project/dataset/IMG/robocam_2018_09_22_13_41_23_766.jpg;15;0;0;0.04378464;104.9294;65.36463;0.1718498;320.2077;0.2960387
/Users/charlescostello/Personal/REND/RoboND-Rover-Project/dataset/IMG/robocam_2018_09_22_13_41_23_816.jpg;15;0;0;0.04095576;104.9294;65.36458;0.06203421;322.908;0.3477738
/Users/charlescostello/Personal/REND/RoboND-Rover-Project/dataset/IMG/robocam_2018_09_22_13_41_23_866.jpg;15;0;0;0.03878152;104.9295;65.36455;-0.004764871;324.7083;0.3814475
/Users/charlescostello/Personal/REND/RoboND-Rover-Project/dataset/IMG/robocam_2018_09_22_13_41_23_915.jpg;15;0;0;0.03525073;104.9295;65.3645;359.9052;327.4087;0.4293371
/Users/charlescostello/Personal/REND/RoboND-Rover-Project/dataset/IMG/robocam_2018_09_22_13_41_23_966.jpg;15;0;0;0.03275429;104.9295;65.36448;359.8521;329.209;0.4587766
/Users/charlescostello/Personal/REND/RoboND-Rover-Project/dataset/IMG/robocam_2018_09_22_13_41_24_017.jpg;15;0;0;0.0263543;104.9295;65.36443;359.7922;331.9092;0.4863602
/Users/charlescostello/Personal/REND/RoboND-Rover-Project/dataset/IMG/robocam_2018_09_22_13_41_24_066.jpg;15;0;0;0.02245505;104.9295;65.36442;359.7613;333.7095;0.4976224
/Users/charlescostello/Personal/REND/RoboND-Rover-Project/dataset/IMG/robocam_2018_09_22_13_41_24_116.jpg;15;0;0;0.01751946;104.9296;65.36441;359.7261;336.4097;0.5047275
/Users/charlescostello/Personal/REND/RoboND-Rover-Project/dataset/IMG/robocam_2018_09_22_13_41_24_166.jpg;12.77573;0;0;0.01564633;104.9296;65.36441;359.7076;337.986;0.501342
/Users/charlescostello/Personal/REND/RoboND-Rover-Project/dataset/IMG/robocam_2018_09_22_13_41_24_217.jpg;10.49203;0;0;0.01424647;104.9296;65.36441;359.6855;340.0103;0.4855331
/Users/charlescostello/Personal/REND/RoboND-Rover-Project/dataset/IMG/robocam_2018_09_22_13_41_24_265.jpg;8.290991;0;0;0.01393522;104.9296;65.36441;359.6726;341.0473;0.468598
/Users/charlescostello/Personal/REND/RoboND-Rover-Project/dataset/IMG/robocam_2018_09_22_13_41_24_316.jpg;5.992708;0;0;0.01430276;104.9296;65.36443;359.6569;342.2668;0.4352389
/Users/charlescostello/Personal/REND/RoboND-Rover-Project/dataset/IMG/robocam_2018_09_22_13_41_24_366.jpg;3.743069;0;0;0.0146241;104.9296;65.36443;359.6481;342.7609;0.4076622
/Users/charlescostello/Personal/REND/RoboND-Rover-Project/dataset/IMG/robocam_2018_09_22_13_41_24_416.jpg;1.493833;0;0;0.0151588;104.9296;65.36445;359.6382;343.1648;0.3608645
/Users/charlescostello/Personal/REND/RoboND-Rover-Project/dataset/IMG/robocam_2018_09_22_13_41_24_466.jpg;0;0;0;0.01551129;104.9297;65.36446;359.634;343.1648;0.326185
/Users/charlescostello/Personal/REND/RoboND-Rover-Project/dataset/IMG/robocam_2018_09_22_13_41_24_516.jpg;0;0;0;0.01600328;104.9297;65.36448;359.634;343.1648;0.2724433
/Users/charlescostello/Personal/REND/RoboND-Rover-Project/dataset/IMG/robocam_2018_09_22_13_41_24_566.jpg;0;0;0;-0.0162857;104.9297;65.36449;359.6379;343.1648;0.2360291
/Users/charlescostello/Personal/REND/RoboND-Rover-Project/dataset/IMG/robocam_2018_09_22_13_41_24_616.jpg;0;0;0;-0.01659916;104.9297;65.36452;359.6493;343.1648;0.1814341
/Users/charlescostello/Personal/REND/RoboND-Rover-Project/dataset/IMG/robocam_2018_09_22_13_41_24_666.jpg;0;0;0;-0.0167184;104.9297;65.36453;359.6601;343.1648;0.1455442
/Users/charlescostello/Personal/REND/RoboND-Rover-Project/dataset/IMG/robocam_2018_09_22_13_41_24_716.jpg;0;0;0;-0.01674849;104.9297;65.36456;359.6809;343.1647;0.09323726
/Users/charlescostello/Personal/REND/RoboND-Rover-Project/dataset/IMG/robocam_2018_09_22_13_41_24_765.jpg;0;0;0;-0.01666606;104.9297;65.36457;359.6974;343.1647;0.05978585
/Users/charlescostello/Personal/REND/RoboND-Rover-Project/dataset/IMG/robocam_2018_09_22_13_41_24_816.jpg;0;0;0;-0.01639195;104.9297;65.36459;359.7254;343.1647;0.01234094
/Users/charlescostello/Personal/REND/RoboND-Rover-Project/dataset/IMG/robocam_2018_09_22_13_41_24_866.jpg;-0.7730126;0;0;-0.01611335;104.9297;65.36461;359.7459;343.1184;359.9826
/Users/charlescostello/Personal/REND/RoboND-Rover-Project/dataset/IMG/robocam_2018_09_22_13_41_24_916.jpg;-3.024765;0;0;-0.01553806;104.9297;65.36463;359.7793;342.7091;359.9406
/Users/charlescostello/Personal/REND/RoboND-Rover-Project/dataset/IMG/robocam_2018_09_22_13_41_24_966.jpg;-5.275218;0;0;-0.01505725;104.9297;65.36465;359.8033;342.1211;359.9144
/Users/charlescostello/Personal/REND/RoboND-Rover-Project/dataset/IMG/robocam_2018_09_22_13_41_25_015.jpg;-7.525624;0;0;-0.01421665;104.9296;65.36466;359.8419;340.9067;359.8797
/Users/charlescostello/Personal/REND/RoboND-Rover-Project/dataset/IMG/robocam_2018_09_22_13_41_25_066.jpg;-9.771389;0;0;-0.01358971;104.9296;65.36467;359.8692;339.7791;359.8597
/Users/charlescostello/Personal/REND/RoboND-Rover-Project/dataset/IMG/robocam_2018_09_22_13_41_25_116.jpg;-12.01113;0;0;-0.01257981;104.9296;65.36469;359.9119;337.753;359.8358
/Users/charlescostello/Personal/REND/RoboND-Rover-Project/dataset/IMG/robocam_2018_09_22_13_41_25_166.jpg;-14.27395;0;0;-0.01187443;104.9296;65.36469;359.9413;336.0881;359.8241
/Users/charlescostello/Personal/REND/RoboND-Rover-Project/dataset/IMG/robocam_2018_09_22_13_41_25_216.jpg;-15;0;0;-0.01079267;104.9296;65.36469;359.985;333.3882;359.8137
/Users/charlescostello/Personal/REND/RoboND-Rover-Project/dataset/IMG/robocam_2018_09_22_13_41_25_265.jpg;-15;0;0;-0.01007948;104.9296;65.3647;0.01302385;331.5882;359.8113
/Users/charlescostello/Personal/REND/RoboND-Rover-Project/dataset/IMG/robocam_2018_09_22_13_41_25_316.jpg;-15;0;0;0;104.9296;65.36471;0.05223911;328.8883;359.814
/Users/charlescostello/Personal/REND/RoboND-Rover-Project/dataset/IMG/robocam_2018_09_22_13_41_25_366.jpg;-15;0;0;0;104.9296;65.36471;0.07607134;327.0884;359.8195
/Users/charlescostello/Personal/REND/RoboND-Rover-Project/dataset/IMG/robocam_2018_09_22_13_41_25_416.jpg;-15;0;0;0;104.9296;65.36472;0.107704;324.3884;359.8325
/Users/charlescostello/Personal/REND/RoboND-Rover-Project/dataset/IMG/robocam_2018_09_22_13_41_25_467.jpg;-15;0;0;0;104.9296;65.36471;0.1257633;322.5884;359.8438
/Users/charlescostello/Personal/REND/RoboND-Rover-Project/dataset/IMG/robocam_2018_09_22_13_41_25_516.jpg;-15;0;0;0;104.9296;65.3647;0.1479747;319.8884;359.8637
/Users/charlescostello/Personal/REND/RoboND-Rover-Project/dataset/IMG/robocam_2018_09_22_13_41_25_566.jpg;-15;0;0;0;104.9296;65.36469;0.1594226;318.0883;359.8784
/Users/charlescostello/Personal/REND/RoboND-Rover-Project/dataset/IMG/robocam_2018_09_22_13_41_25_616.jpg;-15;0;0;0;104.9296;65.3647;0.1715203;315.3883;359.9019
/Users/charlescostello/Personal/REND/RoboND-Rover-Project/dataset/IMG/robocam_2018_09_22_13_41_25_666.jpg;-15;0;0;0;104.9295;65.3647;0.1762576;313.5883;359.918
/Users/charlescostello/Personal/REND/RoboND-Rover-Project/dataset/IMG/robocam_2018_09_22_13_41_25_716.jpg;-15;0.05156672;0;0;104.9296;65.36459;0.1805623;311.787;359.9389
/Users/charlescostello/Personal/REND/RoboND-Rover-Project/dataset/IMG/robocam_2018_09_22_13_41_25_766.jpg;-12.78087;0.1995088;0;0;104.9297;65.36461;0.1788966;311.6725;359.9512
/Users/charlescostello/Personal/REND/RoboND-Rover-Project/dataset/IMG/robocam_2018_09_22_13_41_25_816.jpg;-10.48263;0.3527248;0;0.02714103;104.9306;65.36337;0.2069142;311.53;359.9641
/Users/charlescostello/Personal/REND/RoboND-Rover-Project/dataset/IMG/robocam_2018_09_22_13_41_25_867.jpg;-8.23173;0.5027847;0;0.02462506;104.9317;65.36195;0.237618;311.5047;359.971
/Users/charlescostello/Personal/REND/RoboND-Rover-Project/dataset/IMG/robocam_2018_09_22_13_41_25_916.jpg;-5.98524;0.6525507;0;0.05401346;104.9345;65.35855;0.3140816;311.3532;359.9817
/Users/charlescostello/Personal/REND/RoboND-Rover-Project/dataset/IMG/robocam_2018_09_22_13_41_25_966.jpg;-3.733301;0.80268;0;0.0865727;104.9375;65.35481;0.4005021;311.2501;359.9876
/Users/charlescostello/Personal/REND/RoboND-Rover-Project/dataset/IMG/robocam_2018_09_22_13_41_26_016.jpg;-1.486586;0.952461;0;0.1201976;104.9439;65.34739;0.5570976;311.2442;0.00595027
/Users/charlescostello/Personal/REND/RoboND-Rover-Project/dataset/IMG/robocam_2018_09_22_13_41_26_066.jpg;0;1;0;0.1294213;104.9489;65.34144;0.6688365;311.2318;0.008089802
/Users/charlescostello/Personal/REND/RoboND-Rover-Project/dataset/IMG/robocam_2018_09_22_13_41_26_116.jpg;0;1;0;0.2042826;104.959;65.32964;0.8839594;311.1264;-0.0007600292
/Users/charlescostello/Personal/REND/RoboND-Rover-Project/dataset/IMG/robocam_2018_09_22_13_41_26_166.jpg;0;1;0;0.2381199;104.9675;65.31995;1.052512;311.1526;-0.001648862
/Users/charlescostello/Personal/REND/RoboND-Rover-Project/dataset/IMG/robocam_2018_09_22_13_41_26_216.jpg;0;1;0;0.2823764;104.9812;65.30426;1.27442;311.1697;-0.0005943201
/Users/charlescostello/Personal/REND/RoboND-Rover-Project/dataset/IMG/robocam_2018_09_22_13_41_26_266.jpg;-0.7987511;1;0;0.3196234;104.9902;65.29359;1.328262;311.1914;-0.004696456
/Users/charlescostello/Personal/REND/RoboND-Rover-Project/dataset/IMG/robocam_2018_09_22_13_41_26_316.jpg;-3.048792;1;0;0.3747275;105.0026;65.27847;1.198402;311.0521;0.0007515652
/Users/charlescostello/Personal/REND/RoboND-Rover-Project/dataset/IMG/robocam_2018_09_22_13_41_26_366.jpg;-5.299106;1;0;0.4170348;105.0126;65.26611;1.143865;310.9816;0.000942914
/Users/charlescostello/Personal/REND/RoboND-Rover-Project/dataset/IMG/robocam_2018_09_22_13_41_26_416.jpg;-7.548031;1;0;0.4661548;105.0292;65.24503;1.108095;310.6338;0.002726476
/Users/charlescostello/Personal/REND/RoboND-Rover-Project/dataset/IMG/robocam_2018_09_22_13_41_26_466.jpg;-9.798254;1;0;0.4861262;105.0413;65.22884;1.119085;310.3617;-0.002837631
/Users/charlescostello/Personal/REND/RoboND-Rover-Project/dataset/IMG/robocam_2018_09_22_13_41_26_516.jpg;-12.00231;1;0;0.538906;105.0606;65.20193;1.166753;309.9094;359.9861
/Users/charlescostello/Personal/REND/RoboND-Rover-Project/dataset/IMG/robocam_2018_09_22_13_41_26_567.jpg;-14.29871;1;0;0.5673547;105.0742;65.18216;1.204198;309.4759;359.9833
/Users/charlescostello/Personal/REND/RoboND-Rover-Project/dataset/IMG/robocam_2018_09_22_13_41_26_616.jpg;-15;1;0;0.6189939;105.0952;65.15031;1.230795;308.7779;0.0009233558
/Users/charlescostello/Personal/REND/RoboND-Rover-Project/dataset/IMG/robocam_2018_09_22_13_41_26_666.jpg;-15;1;0;0.6390899;105.1089;65.12823;1.213711;308.2666;0.004198867
/Users/charlescostello/Personal/REND/RoboND-Rover-Project/dataset/IMG/robocam_2018_09_22_13_41_26_716.jpg;-15;1;0;0.6867701;105.1305;65.0928;1.184934;307.4286;0.005145833
/Users/charlescostello/Personal/REND/RoboND-Rover-Project/dataset/IMG/robocam_2018_09_22_13_41_26_766.jpg;-15;1;0;0.740052;105.1458;65.06725;1.187873;306.8635;0.004436468
/Users/charlescostello/Personal/REND/RoboND-Rover-Project/dataset/IMG/robocam_2018_09_22_13_41_26_816.jpg;-15;1;0;0.7809114;105.1692;65.02701;1.186098;305.9234;0.005832176
/Users/charlescostello/Personal/REND/RoboND-Rover-Project/dataset/IMG/robocam_2018_09_22_13_41_26_866.jpg;-15;1;0;0.802811;105.1855;64.99836;1.196283;305.2361;0.005952499
/Users/charlescostello/Personal/REND/RoboND-Rover-Project/dataset/IMG/robocam_2018_09_22_13_41_26_916.jpg;-15;1;0;0.85537;105.2103;64.95325;1.203772;304.2161;0.004964055
/Users/charlescostello/Personal/REND/RoboND-Rover-Project/dataset/IMG/robocam_2018_09_22_13_41_26_966.jpg;-15;1;0;0.8971255;105.2272;64.92138;1.208725;303.5174;0.005985937
/Users/charlescostello/Personal/REND/RoboND-Rover-Project/dataset/IMG/robocam_2018_09_22_13_41_27_016.jpg;-15;1;0;0.9420823;105.2532;64.87077;1.215429;302.5008;0.005350255
/Users/charlescostello/Personal/REND/RoboND-Rover-Project/dataset/IMG/robocam_2018_09_22_13_41_27_066.jpg;-15;1;0;0.9747075;105.2707;64.83553;1.21105;301.8162;0.005394386
/Users/charlescostello/Personal/REND/RoboND-Rover-Project/dataset/IMG/robocam_2018_09_22_13_41_27_116.jpg;-15;1;0;1.017668;105.2971;64.78033;1.204059;300.7336;0.005000482
/Users/charlescostello/Personal/REND/RoboND-Rover-Project/dataset/IMG/robocam_2018_09_22_13_41_27_166.jpg;-15;1;0;1.055211;105.315;64.74179;1.204504;300.0227;0.003543971
/Users/charlescostello/Personal/REND/RoboND-Rover-Project/dataset/IMG/robocam_2018_09_22_13_41_27_216.jpg;-15;1;0;1.0909;105.3416;64.68187;1.200589;298.8656;-0.001480075
/Users/charlescostello/Personal/REND/RoboND-Rover-Project/dataset/IMG/robocam_2018_09_22_13_41_27_266.jpg;-13.49979;1;0;1.125639;105.3598;64.64019;1.206588;298.1098;-0.0007198642
/Users/charlescostello/Personal/REND/RoboND-Rover-Project/dataset/IMG/robocam_2018_09_22_13_41_27_315.jpg;-11.2951;1;0;1.178017;105.3877;64.57509;1.218147;297.1343;0.00470194
/Users/charlescostello/Personal/REND/RoboND-Rover-Project/dataset/IMG/robocam_2018_09_22_13_41_27_366.jpg;-8.996819;1;0;1.210101;105.407;64.53006;1.227669;296.5818;0.004634467
/Users/charlescostello/Personal/REND/RoboND-Rover-Project/dataset/IMG/robocam_2018_09_22_13_41_27_416.jpg;-6.747041;1;0;1.256476;105.4366;64.46062;1.232321;295.877;0.003956581
/Users/charlescostello/Personal/REND/RoboND-Rover-Project/dataset/IMG/robocam_2018_09_22_13_41_27_466.jpg;-4.503481;1;0;1.288944;105.4573;64.41295;1.236127;295.51;0.003044812
/Users/charlescostello/Personal/REND/RoboND-Rover-Project/dataset/IMG/robocam_2018_09_22_13_41_27_516.jpg;-2.24601;1;0;1.336852;105.4897;64.33953;1.239344;295.1486;0.001469021
/Users/charlescostello/Personal/REND/RoboND-Rover-Project/dataset/IMG/robocam_2018_09_22_13_41_27_565.jpg;0;1;0;1.368258;105.5125;64.28933;1.244375;295.0554;0.0002454644
/Users/charlescostello/Personal/REND/RoboND-Rover-Project/dataset/IMG/robocam_2018_09_22_13_41_27_616.jpg;0;1;0;1.413944;105.548;64.21221;1.244412;295.0197;-0.0007378611
/Users/charlescostello/Personal/REND/RoboND-Rover-Project/dataset/IMG/robocam_2018_09_22_13_41_27_666.jpg;0;1;0;1.44601;105.5724;64.15934;1.246673;295.0065;-0.0008455694
/Users/charlescostello/Personal/REND/RoboND-Rover-Project/dataset/IMG/robocam_2018_09_22_13_41_27_716.jpg;0;1;0;1.493848;105.61;64.07789;1.251256;294.9939;-0.0009535723
/Users/charlescostello/Personal/REND/RoboND-Rover-Project/dataset/IMG/robocam_2018_09_22_13_41_27_766.jpg;-2.228712;1;0;1.523969;105.6354;64.02202;1.25256;294.9076;-0.0004237331
/Users/charlescostello/Personal/REND/RoboND-Rover-Project/dataset/IMG/robocam_2018_09_22_13_41_27_816.jpg;-4.50072;1;0;1.570135;105.6732;63.93563;1.254222;294.587;0.001114682
/Users/charlescostello/Personal/REND/RoboND-Rover-Project/dataset/IMG/robocam_2018_09_22_13_41_27_865.jpg;-6.750176;1;0;1.600196;105.698;63.87629;1.252781;294.2061;0.00147514
/Users/charlescostello/Personal/REND/RoboND-Rover-Project/dataset/IMG/robocam_2018_09_22_13_41_27_915.jpg;-8.997566;1;0;1.645467;105.7343;63.7845;1.250901;293.4129;-0.002302616
/Users/charlescostello/Personal/REND/RoboND-Rover-Project/dataset/IMG/robocam_2018_09_22_13_41_27_966.jpg;-11.25081;1;0;1.674384;105.7574;63.72134;1.246381;292.7037;359.9765
/Users/charlescostello/Personal/REND/RoboND-Rover-Project/dataset/IMG/robocam_2018_09_22_13_41_28_016.jpg;-13.50094;1;0;1.716336;105.79;63.62399;1.223306;291.4001;359.9302
/Users/charlescostello/Personal/REND/RoboND-Rover-Project/dataset/IMG/robocam_2018_09_22_13_41_28_066.jpg;-15;1;0;1.743903;105.81;63.55752;1.183914;290.3604;359.8913
/Users/charlescostello/Personal/REND/RoboND-Rover-Project/dataset/IMG/robocam_2018_09_22_13_41_28_115.jpg;-15;1;0;1.787057;105.838;63.45551;1.097499;288.7196;359.8326
/Users/charlescostello/Personal/REND/RoboND-Rover-Project/dataset/IMG/robocam_2018_09_22_13_41_28_166.jpg;-15;1;0;1.816572;105.8552;63.38568;1.036611;287.607;359.781
/Users/charlescostello/Personal/REND/RoboND-Rover-Project/dataset/IMG/robocam_2018_09_22_13_41_28_215.jpg;-12.74784;1;0;1.860272;105.88;63.27834;0.9499678;286.03;359.7056
/Users/charlescostello/Personal/REND/RoboND-Rover-Project/dataset/IMG/robocam_2018_09_22_13_41_28_266.jpg;-10.4987;1;0;1.891489;105.8962;63.20502;0.9017109;285.1265;359.6659
/Users/charlescostello/Personal/REND/RoboND-Rover-Project/dataset/IMG/robocam_2018_09_22_13_41_28_316.jpg;-8.248693;1;0;1.93707;105.9204;63.09238;0.8470034;283.9874;359.6238
/Users/charlescostello/Personal/REND/RoboND-Rover-Project/dataset/IMG/robocam_2018_09_22_13_41_28_366.jpg;-5.999456;1;0;1.967386;105.9368;63.01557;0.8235362;283.4022;359.6149
/Users/charlescostello/Personal/REND/RoboND-Rover-Project/dataset/IMG/robocam_2018_09_22_13_41_28_416.jpg;-3.749909;1;0;2.012317;105.9618;62.89767;0.8134644;282.7611;359.6256
/Users/charlescostello/Personal/REND/RoboND-Rover-Project/dataset/IMG/robocam_2018_09_22_13_41_28_466.jpg;-1.499096;1;0;2.042364;105.9791;62.81718;0.8349243;282.5229;359.6465
/Users/charlescostello/Personal/REND/RoboND-Rover-Project/dataset/IMG/robocam_2018_09_22_13_41_28_516.jpg;0;1;0;2.085646;106.0066;62.69387;0.9033263;282.4127;359.7054
/Users/charlescostello/Personal/REND/RoboND-Rover-Project/dataset/IMG/robocam_2018_09_22_13_41_28_566.jpg;0;1;0;2.114565;106.0255;62.60993;0.9692412;282.4057;359.7548
/Users/charlescostello/Personal/REND/RoboND-Rover-Project/dataset/IMG/robocam_2018_09_22_13_41_28_616.jpg;0.7497418;1;0;2.157246;106.0546;62.48172;1.083327;282.4371;359.8497
/Users/charlescostello/Personal/REND/RoboND-Rover-Project/dataset/IMG/robocam_2018_09_22_13_41_28_665.jpg;2.952179;1;0;2.186322;106.0753;62.39474;1.1771;282.5951;359.9323
/Users/charlescostello/Personal/REND/RoboND-Rover-Project/dataset/IMG/robocam_2018_09_22_13_41_28_716.jpg;5.250059;1;0;2.228543;106.1078;62.26239;1.321716;283.0735;0.0272195
/Users/charlescostello/Personal/REND/RoboND-Rover-Project/dataset/IMG/robocam_2018_09_22_13_41_28_766.jpg;7.499832;1;0;2.254779;106.1303;62.17427;1.349486;283.5885;0.04598254
/Users/charlescostello/Personal/REND/RoboND-Rover-Project/dataset/IMG/robocam_2018_09_22_13_41_28_816.jpg;5.249335;1;0;2.3021;106.1653;62.04195;1.284123;284.4445;0.006389752
/Users/charlescostello/Personal/REND/RoboND-Rover-Project/dataset/IMG/robocam_2018_09_22_13_41_28_866.jpg;3.001225;1;0;2.332824;106.19;61.95207;1.259921;284.8479;-0.004528963
/Users/charlescostello/Personal/REND/RoboND-Rover-Project/dataset/IMG/robocam_2018_09_22_13_41_28_916.jpg;0.7496077;1;0;2.37542;106.2279;61.81462;1.258866;285.1797;-0.002940866
/Users/charlescostello/Personal/REND/RoboND-Rover-Project/dataset/IMG/robocam_2018_09_22_13_41_28_965.jpg;0;1;0;2.403782;106.2532;61.72118;1.277707;285.2442;-0.001761946
/Users/charlescostello/Personal/REND/RoboND-Rover-Project/dataset/IMG/robocam_2018_09_22_13_41_29_016.jpg;0;1;0;2.446206;106.2916;61.5786;1.325716;285.2596;-0.001381602
/Users/charlescostello/Personal/REND/RoboND-Rover-Project/dataset/IMG/robocam_2018_09_22_13_41_29_066.jpg;0;1;0;2.473728;106.3175;61.48236;1.34568;285.2566;-0.001386564
/Users/charlescostello/Personal/REND/RoboND-Rover-Project/dataset/IMG/robocam_2018_09_22_13_41_29_116.jpg;0;1;0;2.517862;106.3567;61.3364;1.344542;285.2441;-0.001355312
/Users/charlescostello/Personal/REND/RoboND-Rover-Project/dataset/IMG/robocam_2018_09_22_13_41_29_166.jpg;0;1;0;2.547686;106.3831;61.23777;1.337006;285.233;-0.001305442
/Users/charlescostello/Personal/REND/RoboND-Rover-Project/dataset/IMG/robocam_2018_09_22_13_41_29_216.jpg;0;1;0;2.590971;106.4233;61.08757;1.33546;285.2199;-0.001197756
/Users/charlescostello/Personal/REND/RoboND-Rover-Project/dataset/IMG/robocam_2018_09_22_13_41_29_266.jpg;0;1;0;2.618625;106.4505;60.98603;1.337389;285.2106;-0.001331409
/Users/charlescostello/Personal/REND/RoboND-Rover-Project/dataset/IMG/robocam_2018_09_22_13_41_29_316.jpg;0;1;0;2.661162;106.4918;60.83163;1.341459;285.1981;-0.001326381
/Users/charlescostello/Personal/REND/RoboND-Rover-Project/dataset/IMG/robocam_2018_09_22_13_41_29_365.jpg;0;1;0;2.68945;106.5197;60.72732;1.344558;285.19;-0.001369523
/Users/charlescostello/Personal/REND/RoboND-Rover-Project/dataset/IMG/robocam_2018_09_22_13_41_29_416.jpg;0;1;0;2.731777;106.562;60.5688;1.349041;285.178;-0.001377572
/Users/charlescostello/Personal/REND/RoboND-Rover-Project/dataset/IMG/robocam_2018_09_22_13_41_29_467.jpg;0;1;0;2.759927;106.5906;60.46176;1.35157;285.1702;-0.001390904
/Users/charlescostello/Personal/REND/RoboND-Rover-Project/dataset/IMG/robocam_2018_09_22_13_41_29_516.jpg;0;1;0;2.802041;106.6339;60.29918;1.354266;285.1583;-0.001416299
/Users/charlescostello/Personal/REND/RoboND-Rover-Project/dataset/IMG/robocam_2018_09_22_13_41_29_566.jpg;0;1;0;2.830039;106.6631;60.18945;1.355267;285.1503;-0.001433313
/Users/charlescostello/Personal/REND/RoboND-Rover-Project/dataset/IMG/robocam_2018_09_22_13_41_29_616.jpg;0;1;0;2.871913;106.7075;60.02283;1.355684;285.1382;-0.001438918
/Users/charlescostello/Personal/REND/RoboND-Rover-Project/dataset/IMG/robocam_2018_09_22_13_41_29_666.jpg;0;1;0;2.89974;106.7374;59.91034;1.359424;285.1311;-0.0009986892
/Users/charlescostello/Personal/REND/RoboND-Rover-Project/dataset/IMG/robocam_2018_09_22_13_41_29_716.jpg;0;1;0;2.941091;106.7828;59.73959;1.366514;285.116;-0.001448345
/Users/charlescostello/Personal/REND/RoboND-Rover-Project/dataset/IMG/robocam_2018_09_22_13_41_29_766.jpg;0;1;0;2.968801;106.8134;59.62444;1.368984;285.1074;-0.001466148
/Users/charlescostello/Personal/REND/RoboND-Rover-Project/dataset/IMG/robocam_2018_09_22_13_41_29_816.jpg;0;1;0;3.010257;106.8598;59.44977;1.36928;285.095;-0.001460677
/Users/charlescostello/Personal/REND/RoboND-Rover-Project/dataset/IMG/robocam_2018_09_22_13_41_29_866.jpg;0;1;0;3.037807;106.891;59.33201;1.367578;285.0867;-0.001481092
/Users/charlescostello/Personal/REND/RoboND-Rover-Project/dataset/IMG/robocam_2018_09_22_13_41_29_916.jpg;0;1;0;3.078695;106.9384;59.15325;1.373037;285.0728;-0.001467164
/Users/charlescostello/Personal/REND/RoboND-Rover-Project/dataset/IMG/robocam_2018_09_22_13_41_29_965.jpg;0;1;0;3.106091;106.9703;59.0328;1.373773;285.0634;-0.00148215
/Users/charlescostello/Personal/REND/RoboND-Rover-Project/dataset/IMG/robocam_2018_09_22_13_41_30_016.jpg;0;1;0;3.147502;107.0186;58.85007;1.37886;285.0495;-0.001411176
/Users/charlescostello/Personal/REND/RoboND-Rover-Project/dataset/IMG/robocam_2018_09_22_13_41_30_065.jpg;0;1;0;3.174009;107.0511;58.72696;1.380981;285.0394;-0.001511084
/Users/charlescostello/Personal/REND/RoboND-Rover-Project/dataset/IMG/robocam_2018_09_22_13_41_30_116.jpg;0;1;0;3.214774;107.1004;58.54031;1.383752;285.0267;-0.001072399
/Users/charlescostello/Personal/REND/RoboND-Rover-Project/dataset/IMG/robocam_2018_09_22_13_41_30_166.jpg;0;1;0;3.241567;107.1336;58.41455;1.386332;285.0154;-0.001518614
/Users/charlescostello/Personal/REND/RoboND-Rover-Project/dataset/IMG/robocam_2018_09_22_13_41_30_216.jpg;0;1;0;3.282119;107.1839;58.22397;1.38906;285.002;-0.001106002
/Users/charlescostello/Personal/REND/RoboND-Rover-Project/dataset/IMG/robocam_2018_09_22_13_41_30_266.jpg;0;1;0;3.308767;107.2177;58.09561;1.391183;284.9904;-0.001542823
/Users/charlescostello/Personal/REND/RoboND-Rover-Project/dataset/IMG/robocam_2018_09_22_13_41_30_316.jpg;0;1;0;3.349527;107.2689;57.90109;1.395909;284.9752;-0.001492506
/Users/charlescostello/Personal/REND/RoboND-Rover-Project/dataset/IMG/robocam_2018_09_22_13_41_30_366.jpg;0;1;0;3.375618;107.3033;57.77016;1.396388;284.9645;-0.001599046
/Users/charlescostello/Personal/REND/RoboND-Rover-Project/dataset/IMG/robocam_2018_09_22_13_41_30_416.jpg;2.295992;1;0;3.416092;107.356;57.57197;1.39813;285.0645;-0.002212693
/Users/charlescostello/Personal/REND/RoboND-Rover-Project/dataset/IMG/robocam_2018_09_22_13_41_30_466.jpg;4.546532;1;0;3.441622;107.3926;57.43897;1.395303;285.3188;-0.003688328
/Users/charlescostello/Personal/REND/RoboND-Rover-Project/dataset/IMG/robocam_2018_09_22_13_41_30_516.jpg;6.748695;1;0;3.480252;107.4508;57.23866;1.377426;286.0214;0.0185347
/Users/charlescostello/Personal/REND/RoboND-Rover-Project/dataset/IMG/robocam_2018_09_22_13_41_30_566.jpg;7.555236;1;0;3.505089;107.4923;57.10489;1.350039;286.7061;0.05937511
/Users/charlescostello/Personal/REND/RoboND-Rover-Project/dataset/IMG/robocam_2018_09_22_13_41_30_615.jpg;5.293715;1;0;3.544019;107.5567;56.90354;1.274617;287.718;0.1095522
/Users/charlescostello/Personal/REND/RoboND-Rover-Project/dataset/IMG/robocam_2018_09_22_13_41_30_666.jpg;3.048572;1;0;3.571017;107.6009;56.76839;1.220236;288.2245;0.1393459
/Users/charlescostello/Personal/REND/RoboND-Rover-Project/dataset/IMG/robocam_2018_09_22_13_41_30_716.jpg;0.8413661;1;0;3.6109;107.6686;56.56379;1.15282;288.6779;0.1805707
/Users/charlescostello/Personal/REND/RoboND-Rover-Project/dataset/IMG/robocam_2018_09_22_13_41_30_766.jpg;0;1;0;3.635944;107.7143;56.42595;1.121289;288.7894;0.1974095
/Users/charlescostello/Personal/REND/RoboND-Rover-Project/dataset/IMG/robocam_2018_09_22_13_41_30_815.jpg;0;1;0;3.674709;107.7839;56.21701;1.102937;288.8331;0.218182
/Users/charlescostello/Personal/REND/RoboND-Rover-Project/dataset/IMG/robocam_2018_09_22_13_41_30_865.jpg;0;1;0;3.699559;107.8308;56.07635;1.101527;288.8276;0.2188701
/Users/charlescostello/Personal/REND/RoboND-Rover-Project/dataset/IMG/robocam_2018_09_22_13_41_30_916.jpg;0;1;0;3.738299;107.9018;55.86328;1.116252;288.804;0.2028149
/Users/charlescostello/Personal/REND/RoboND-Rover-Project/dataset/IMG/robocam_2018_09_22_13_41_30_966.jpg;0;1;0;3.763437;107.9498;55.71979;1.141977;288.7847;0.1866137
/Users/charlescostello/Personal/REND/RoboND-Rover-Project/dataset/IMG/robocam_2018_09_22_13_41_31_016.jpg;0;1;0;3.800619;108.0222;55.50249;1.194304;288.7497;0.1455065
/Users/charlescostello/Personal/REND/RoboND-Rover-Project/dataset/IMG/robocam_2018_09_22_13_41_31_065.jpg;0;1;0;3.826305;108.071;55.35625;1.239962;288.7267;0.1116652
/Users/charlescostello/Personal/REND/RoboND-Rover-Project/dataset/IMG/robocam_2018_09_22_13_41_31_116.jpg;0;1;0;3.863808;108.1447;55.1348;1.324282;288.6907;0.05310673
/Users/charlescostello/Personal/REND/RoboND-Rover-Project/dataset/IMG/robocam_2018_09_22_13_41_31_165.jpg;0;1;0;3.888751;108.1941;54.98579;1.389436;288.6653;0.005486614
/Users/charlescostello/Personal/REND/RoboND-Rover-Project/dataset/IMG/robocam_2018_09_22_13_41_31_215.jpg;0;1;0;3.925382;108.2698;54.76121;1.464498;288.6559;-0.003493155
/Users/charlescostello/Personal/REND/RoboND-Rover-Project/dataset/IMG/robocam_2018_09_22_13_41_31_266.jpg;0;1;0;3.951922;108.3204;54.61089;1.471696;288.6422;-0.002201675
/Users/charlescostello/Personal/REND/RoboND-Rover-Project/dataset/IMG/robocam_2018_09_22_13_41_31_316.jpg;0;0.849988;0;3.990152;108.3962;54.3841;1.446686;288.618;-0.001429539
/Users/charlescostello/Personal/REND/RoboND-Rover-Project/dataset/IMG/robocam_2018_09_22_13_41_31_366.jpg;0;0.7031292;0;4.009856;108.4468;54.23198;1.428428;288.6029;-0.001207558
/Users/charlescostello/Personal/REND/RoboND-Rover-Project/dataset/IMG/robocam_2018_09_22_13_41_31_416.jpg;0;0.5502611;0;4.030546;108.5229;54.00296;1.391806;288.578;-0.001091938
/Users/charlescostello/Personal/REND/RoboND-Rover-Project/dataset/IMG/robocam_2018_09_22_13_41_31_466.jpg;0;0.4011611;0;4.039559;108.5736;53.85005;1.355139;288.5609;-0.001035463
/Users/charlescostello/Personal/REND/RoboND-Rover-Project/dataset/IMG/robocam_2018_09_22_13_41_31_516.jpg;0;0.2500272;0;4.045138;108.6495;53.62089;1.273403;288.5349;-0.0009473089
/Users/charlescostello/Personal/REND/RoboND-Rover-Project/dataset/IMG/robocam_2018_09_22_13_41_31_565.jpg;0;0.1000091;0;4.0441;108.6999;53.46854;1.197184;288.518;-0.0008399496
/Users/charlescostello/Personal/REND/RoboND-Rover-Project/dataset/IMG/robocam_2018_09_22_13_41_31_616.jpg;0;0;0;4.034629;108.775;53.24112;1.045918;288.4937;-0.0006573551
/Users/charlescostello/Personal/REND/RoboND-Rover-Project/dataset/IMG/robocam_2018_09_22_13_41_31_666.jpg;0;0;0;4.026014;108.8249;53.09027;0.9230642;288.4785;-0.0004686091
/Users/charlescostello/Personal/REND/RoboND-Rover-Project/dataset/IMG/robocam_2018_09_22_13_41_31_716.jpg;0;0;0;4.013117;108.8992;52.86503;0.7146946;288.4572;-6.55589E-05
/Users/charlescostello/Personal/REND/RoboND-Rover-Project/dataset/IMG/robocam_2018_09_22_13_41_31_766.jpg;0;0;0;4.004485;108.9486;52.71549;0.5645726;288.445;0.001779777
/Users/charlescostello/Personal/REND/RoboND-Rover-Project/dataset/IMG/robocam_2018_09_22_13_41_31_816.jpg;0;0;0;3.991575;109.0226;52.49198;0.3303061;288.431;0.01010572
/Users/charlescostello/Personal/REND/RoboND-Rover-Project/dataset/IMG/robocam_2018_09_22_13_41_31_866.jpg;0;0;0;3.982913;109.0718;52.34344;0.1718157;288.4245;0.01947161
/Users/charlescostello/Personal/REND/RoboND-Rover-Project/dataset/IMG/robocam_2018_09_22_13_41_31_916.jpg;0;0;0;3.969778;109.1455;52.12128;359.9368;288.4193;0.03973367
/Users/charlescostello/Personal/REND/RoboND-Rover-Project/dataset/IMG/robocam_2018_09_22_13_41_31_966.jpg;0;0;0;3.960909;109.1943;51.97292;359.8136;288.4053;0.02534865
/Users/charlescostello/Personal/REND/RoboND-Rover-Project/dataset/IMG/robocam_2018_09_22_13_41_32_016.jpg;0;0;0;3.94668;109.2675;51.75056;359.6578;288.3829;359.9894
/Users/charlescostello/Personal/REND/RoboND-Rover-Project/dataset/IMG/robocam_2018_09_22_13_41_32_066.jpg;0;0;0;3.937305;109.3164;51.60274;359.561;288.3743;359.9698
